assetId,folder,ownerSide,ownerType,level,scenario,displayName,description,engageEnemiesWeight,unityCompatibility,generatorNote
ally_behaviour_military_L01_normal,Assets/_Project/Content/Configs/Population/NpcBehaviourScenarios/Ally/Military,Ally,Military,1,Normal,Ally Military L01 Normal,Military L01: обычное состояние.,0,CurrentUnityCompatible,One AssetConfig row maps to one NpcBehaviourScenarioConfig asset.
ally_behaviour_military_L01_enemy_invasion,Assets/_Project/Content/Configs/Population/NpcBehaviourScenarios/Ally/Military,Ally,Military,1,EnemyInvasion,Ally Military L01 EnemyInvasion,Military L01: враги атакуют нашу систему.,100,CurrentUnityCompatible,One AssetConfig row maps to one NpcBehaviourScenarioConfig asset.
ally_behaviour_military_L01_enemy_system_invasion,Assets/_Project/Content/Configs/Population/NpcBehaviourScenarios/Ally/Military,Ally,Military,1,EnemySystemInvasion,Ally Military L01 EnemySystemInvasion,Military L01: мы атакуем систему врагов.,100,CurrentUnityCompatible,One AssetConfig row maps to one NpcBehaviourScenarioConfig asset.
ally_behaviour_military_L02_normal,Assets/_Project/Content/Configs/Population/NpcBehaviourScenarios/Ally/Military,Ally,Military,2,Normal,Ally Military L02 Normal,Military L02: обычное состояние.,0,CurrentUnityCompatible,One AssetConfig row maps to one NpcBehaviourScenarioConfig asset.
ally_behaviour_military_L02_enemy_invasion,Assets/_Project/Content/Configs/Population/NpcBehaviourScenarios/Ally/Military,Ally,Military,2,EnemyInvasion,Ally Military L02 EnemyInvasion,Military L02: враги атакуют нашу систему.,100,CurrentUnityCompatible,One AssetConfig row maps to one NpcBehaviourScenarioConfig asset.
ally_behaviour_military_L02_enemy_system_invasion,Assets/_Project/Content/Configs/Population/NpcBehaviourScenarios/Ally/Military,Ally,Military,2,EnemySystemInvasion,Ally Military L02 EnemySystemInvasion,Military L02: мы атакуем систему врагов.,100,CurrentUnityCompatible,One AssetConfig row maps to one NpcBehaviourScenarioConfig asset.
ally_behaviour_military_L03_normal,Assets/_Project/Content/Configs/Population/NpcBehaviourScenarios/Ally/Military,Ally,Military,3,Normal,Ally Military L03 Normal,Military L03: обычное состояние.,0,CurrentUnityCompatible,One AssetConfig row maps to one NpcBehaviourScenarioConfig asset.
ally_behaviour_military_L03_enemy_invasion,Assets/_Project/Content/Configs/Population/NpcBehaviourScenarios/Ally/Military,Ally,Military,3,EnemyInvasion,Ally Military L03 EnemyInvasion,Military L03: враги атакуют нашу систему.,100,CurrentUnityCompatible,One AssetConfig row maps to one NpcBehaviourScenarioConfig asset.
ally_behaviour_military_L03_enemy_system_invasion,Assets/_Project/Content/Configs/Population/NpcBehaviourScenarios/Ally/Military,Ally,Military,3,EnemySystemInvasion,Ally Military L03 EnemySystemInvasion,Military L03: мы атакуем систему врагов.,100,CurrentUnityCompatible,One AssetConfig row maps to one NpcBehaviourScenarioConfig asset.
ally_behaviour_military_L04_normal,Assets/_Project/Content/Configs/Population/NpcBehaviourScenarios/Ally/Military,Ally,Military,4,Normal,Ally Military L04 Normal,Military L04: обычное состояние.,0,CurrentUnityCompatible,One AssetConfig row maps to one NpcBehaviourScenarioConfig asset.
ally_behaviour_military_L04_enemy_invasion,Assets/_Project/Content/Configs/Population/NpcBehaviourScenarios/Ally/Military,Ally,Military,4,EnemyInvasion,Ally Military L04 EnemyInvasion,Military L04: враги атакуют нашу систему.,100,CurrentUnityCompatible,One AssetConfig row maps to one NpcBehaviourScenarioConfig asset.
ally_behaviour_military_L04_enemy_system_invasion,Assets/_Project/Content/Configs/Population/NpcBehaviourScenarios/Ally/Military,Ally,Military,4,EnemySystemInvasion,Ally Military L04 EnemySystemInvasion,Military L04: мы атакуем систему врагов.,100,CurrentUnityCompatible,One AssetConfig row maps to one NpcBehaviourScenarioConfig asset.
ally_behaviour_military_L05_normal,Assets/_Project/Content/Configs/Population/NpcBehaviourScenarios/Ally/Military,Ally,Military,5,Normal,Ally Military L05 Normal,Military L05: обычное состояние.,0,CurrentUnityCompatible,One AssetConfig row maps to one NpcBehaviourScenarioConfig asset.
ally_behaviour_military_L05_enemy_invasion,Assets/_Project/Content/Configs/Population/NpcBehaviourScenarios/Ally/Military,Ally,Military,5,EnemyInvasion,Ally Military L05 EnemyInvasion,Military L05: враги атакуют нашу систему.,100,CurrentUnityCompatible,One AssetConfig row maps to one NpcBehaviourScenarioConfig asset.
ally_behaviour_military_L05_enemy_system_invasion,Assets/_Project/Content/Configs/Population/NpcBehaviourScenarios/Ally/Military,Ally,Military,5,EnemySystemInvasion,Ally Military L05 EnemySystemInvasion,Military L05: мы атакуем систему врагов.,100,CurrentUnityCompatible,One AssetConfig row maps to one NpcBehaviourScenarioConfig asset.
ally_behaviour_military_L06_normal,Assets/_Project/Content/Configs/Population/NpcBehaviourScenarios/Ally/Military,Ally,Military,6,Normal,Ally Military L06 Normal,Military L06: обычное состояние.,0,CurrentUnityCompatible,One AssetConfig row maps to one NpcBehaviourScenarioConfig asset.
ally_behaviour_military_L06_enemy_invasion,Assets/_Project/Content/Configs/Population/NpcBehaviourScenarios/Ally/Military,Ally,Military,6,EnemyInvasion,Ally Military L06 EnemyInvasion,Military L06: враги атакуют нашу систему.,100,CurrentUnityCompatible,One AssetConfig row maps to one NpcBehaviourScenarioConfig asset.
ally_behaviour_military_L06_enemy_system_invasion,Assets/_Project/Content/Configs/Population/NpcBehaviourScenarios/Ally/Military,Ally,Military,6,EnemySystemInvasion,Ally Military L06 EnemySystemInvasion,Military L06: мы атакуем систему врагов.,100,CurrentUnityCompatible,One AssetConfig row maps to one NpcBehaviourScenarioConfig asset.
ally_behaviour_military_L07_normal,Assets/_Project/Content/Configs/Population/NpcBehaviourScenarios/Ally/Military,Ally,Military,7,Normal,Ally Military L07 Normal,Military L07: обычное состояние.,0,CurrentUnityCompatible,One AssetConfig row maps to one NpcBehaviourScenarioConfig asset.
ally_behaviour_military_L07_enemy_invasion,Assets/_Project/Content/Configs/Population/NpcBehaviourScenarios/Ally/Military,Ally,Military,7,EnemyInvasion,Ally Military L07 EnemyInvasion,Military L07: враги атакуют нашу систему.,100,CurrentUnityCompatible,One AssetConfig row maps to one NpcBehaviourScenarioConfig asset.
ally_behaviour_military_L07_enemy_system_invasion,Assets/_Project/Content/Configs/Population/NpcBehaviourScenarios/Ally/Military,Ally,Military,7,EnemySystemInvasion,Ally Military L07 EnemySystemInvasion,Military L07: мы атакуем систему врагов.,100,CurrentUnityCompatible,One AssetConfig row maps to one NpcBehaviourScenarioConfig asset.
ally_behaviour_military_L08_normal,Assets/_Project/Content/Configs/Population/NpcBehaviourScenarios/Ally/Military,Ally,Military,8,Normal,Ally Military L08 Normal,Military L08: обычное состояние.,0,CurrentUnityCompatible,One AssetConfig row maps to one NpcBehaviourScenarioConfig asset.
ally_behaviour_military_L08_enemy_invasion,Assets/_Project/Content/Configs/Population/NpcBehaviourScenarios/Ally/Military,Ally,Military,8,EnemyInvasion,Ally Military L08 EnemyInvasion,Military L08: враги атакуют нашу систему.,100,CurrentUnityCompatible,One AssetConfig row maps to one NpcBehaviourScenarioConfig asset.
ally_behaviour_military_L08_enemy_system_invasion,Assets/_Project/Content/Configs/Population/NpcBehaviourScenarios/Ally/Military,Ally,Military,8,EnemySystemInvasion,Ally Military L08 EnemySystemInvasion,Military L08: мы атакуем систему врагов.,100,CurrentUnityCompatible,One AssetConfig row maps to one NpcBehaviourScenarioConfig asset.
ally_behaviour_military_L09_normal,Assets/_Project/Content/Configs/Population/NpcBehaviourScenarios/Ally/Military,Ally,Military,9,Normal,Ally Military L09 Normal,Military L09: обычное состояние.,0,CurrentUnityCompatible,One AssetConfig row maps to one NpcBehaviourScenarioConfig asset.
ally_behaviour_military_L09_enemy_invasion,Assets/_Project/Content/Configs/Population/NpcBehaviourScenarios/Ally/Military,Ally,Military,9,EnemyInvasion,Ally Military L09 EnemyInvasion,Military L09: враги атакуют нашу систему.,100,CurrentUnityCompatible,One AssetConfig row maps to one NpcBehaviourScenarioConfig asset.
ally_behaviour_military_L09_enemy_system_invasion,Assets/_Project/Content/Configs/Population/NpcBehaviourScenarios/Ally/Military,Ally,Military,9,EnemySystemInvasion,Ally Military L09 EnemySystemInvasion,Military L09: мы атакуем систему врагов.,100,CurrentUnityCompatible,One AssetConfig row maps to one NpcBehaviourScenarioConfig asset.
ally_behaviour_military_L10_normal,Assets/_Project/Content/Configs/Population/NpcBehaviourScenarios/Ally/Military,Ally,Military,10,Normal,Ally Military L10 Normal,Military L10: обычное состояние.,0,CurrentUnityCompatible,One AssetConfig row maps to one NpcBehaviourScenarioConfig asset.
ally_behaviour_military_L10_enemy_invasion,Assets/_Project/Content/Configs/Population/NpcBehaviourScenarios/Ally/Military,Ally,Military,10,EnemyInvasion,Ally Military L10 EnemyInvasion,Military L10: враги атакуют нашу систему.,100,CurrentUnityCompatible,One AssetConfig row maps to one NpcBehaviourScenarioConfig asset.
ally_behaviour_military_L10_enemy_system_invasion,Assets/_Project/Content/Configs/Population/NpcBehaviourScenarios/Ally/Military,Ally,Military,10,EnemySystemInvasion,Ally Military L10 EnemySystemInvasion,Military L10: мы атакуем систему врагов.,100,CurrentUnityCompatible,One AssetConfig row maps to one NpcBehaviourScenarioConfig asset.
ally_behaviour_ranger_L01_normal,Assets/_Project/Content/Configs/Population/NpcBehaviourScenarios/Ally/Ranger,Ally,Ranger,1,Normal,Ally Ranger L01 Normal,Ranger L01: обычное состояние.,0,FutureEnumRequired,One AssetConfig row maps to one NpcBehaviourScenarioConfig asset.
ally_behaviour_ranger_L01_enemy_invasion,Assets/_Project/Content/Configs/Population/NpcBehaviourScenarios/Ally/Ranger,Ally,Ranger,1,EnemyInvasion,Ally Ranger L01 EnemyInvasion,Ranger L01: враги атакуют нашу систему.,55,FutureEnumRequired,One AssetConfig row maps to one NpcBehaviourScenarioConfig asset.
ally_behaviour_ranger_L01_enemy_system_invasion,Assets/_Project/Content/Configs/Population/NpcBehaviourScenarios/Ally/Ranger,Ally,Ranger,1,EnemySystemInvasion,Ally Ranger L01 EnemySystemInvasion,Ranger L01: мы атакуем систему врагов.,65,FutureEnumRequired,One AssetConfig row maps to one NpcBehaviourScenarioConfig asset.
ally_behaviour_ranger_L02_normal,Assets/_Project/Content/Configs/Population/NpcBehaviourScenarios/Ally/Ranger,Ally,Ranger,2,Normal,Ally Ranger L02 Normal,Ranger L02: обычное состояние.,0,FutureEnumRequired,One AssetConfig row maps to one NpcBehaviourScenarioConfig asset.
ally_behaviour_ranger_L02_enemy_invasion,Assets/_Project/Content/Configs/Population/NpcBehaviourScenarios/Ally/Ranger,Ally,Ranger,2,EnemyInvasion,Ally Ranger L02 EnemyInvasion,Ranger L02: враги атакуют нашу систему.,55,FutureEnumRequired,One AssetConfig row maps to one NpcBehaviourScenarioConfig asset.
ally_behaviour_ranger_L02_enemy_system_invasion,Assets/_Project/Content/Configs/Population/NpcBehaviourScenarios/Ally/Ranger,Ally,Ranger,2,EnemySystemInvasion,Ally Ranger L02 EnemySystemInvasion,Ranger L02: мы атакуем систему врагов.,65,FutureEnumRequired,One AssetConfig row maps to one NpcBehaviourScenarioConfig asset.
ally_behaviour_ranger_L03_normal,Assets/_Project/Content/Configs/Population/NpcBehaviourScenarios/Ally/Ranger,Ally,Ranger,3,Normal,Ally Ranger L03 Normal,Ranger L03: обычное состояние.,0,FutureEnumRequired,One AssetConfig row maps to one NpcBehaviourScenarioConfig asset.
ally_behaviour_ranger_L03_enemy_invasion,Assets/_Project/Content/Configs/Population/NpcBehaviourScenarios/Ally/Ranger,Ally,Ranger,3,EnemyInvasion,Ally Ranger L03 EnemyInvasion,Ranger L03: враги атакуют нашу систему.,56,FutureEnumRequired,One AssetConfig row maps to one NpcBehaviourScenarioConfig asset.
ally_behaviour_ranger_L03_enemy_system_invasion,Assets/_Project/Content/Configs/Population/NpcBehaviourScenarios/Ally/Ranger,Ally,Ranger,3,EnemySystemInvasion,Ally Ranger L03 EnemySystemInvasion,Ranger L03: мы атакуем систему врагов.,66,FutureEnumRequired,One AssetConfig row maps to one NpcBehaviourScenarioConfig asset.
ally_behaviour_ranger_L04_normal,Assets/_Project/Content/Configs/Population/NpcBehaviourScenarios/Ally/Ranger,Ally,Ranger,4,Normal,Ally Ranger L04 Normal,Ranger L04: обычное состояние.,0,FutureEnumRequired,One AssetConfig row maps to one NpcBehaviourScenarioConfig asset.
ally_behaviour_ranger_L04_enemy_invasion,Assets/_Project/Content/Configs/Population/NpcBehaviourScenarios/Ally/Ranger,Ally,Ranger,4,EnemyInvasion,Ally Ranger L04 EnemyInvasion,Ranger L04: враги атакуют нашу систему.,56,FutureEnumRequired,One AssetConfig row maps to one NpcBehaviourScenarioConfig asset.
ally_behaviour_ranger_L04_enemy_system_invasion,Assets/_Project/Content/Configs/Population/NpcBehaviourScenarios/Ally/Ranger,Ally,Ranger,4,EnemySystemInvasion,Ally Ranger L04 EnemySystemInvasion,Ranger L04: мы атакуем систему врагов.,66,FutureEnumRequired,One AssetConfig row maps to one NpcBehaviourScenarioConfig asset.
ally_behaviour_ranger_L05_normal,Assets/_Project/Content/Configs/Population/NpcBehaviourScenarios/Ally/Ranger,Ally,Ranger,5,Normal,Ally Ranger L05 Normal,Ranger L05: обычное состояние.,0,FutureEnumRequired,One AssetConfig row maps to one NpcBehaviourScenarioConfig asset.
ally_behaviour_ranger_L05_enemy_invasion,Assets/_Project/Content/Configs/Population/NpcBehaviourScenarios/Ally/Ranger,Ally,Ranger,5,EnemyInvasion,Ally Ranger L05 EnemyInvasion,Ranger L05: враги атакуют нашу систему.,57,FutureEnumRequired,One AssetConfig row maps to one NpcBehaviourScenarioConfig asset.
ally_behaviour_ranger_L05_enemy_system_invasion,Assets/_Project/Content/Configs/Population/NpcBehaviourScenarios/Ally/Ranger,Ally,Ranger,5,EnemySystemInvasion,Ally Ranger L05 EnemySystemInvasion,Ranger L05: мы атакуем систему врагов.,67,FutureEnumRequired,One AssetConfig row maps to one NpcBehaviourScenarioConfig asset.
ally_behaviour_ranger_L06_normal,Assets/_Project/Content/Configs/Population/NpcBehaviourScenarios/Ally/Ranger,Ally,Ranger,6,Normal,Ally Ranger L06 Normal,Ranger L06: обычное состояние.,0,FutureEnumRequired,One AssetConfig row maps to one NpcBehaviourScenarioConfig asset.
ally_behaviour_ranger_L06_enemy_invasion,Assets/_Project/Content/Configs/Population/NpcBehaviourScenarios/Ally/Ranger,Ally,Ranger,6,EnemyInvasion,Ally Ranger L06 EnemyInvasion,Ranger L06: враги атакуют нашу систему.,57,FutureEnumRequired,One AssetConfig row maps to one NpcBehaviourScenarioConfig asset.
ally_behaviour_ranger_L06_enemy_system_invasion,Assets/_Project/Content/Configs/Population/NpcBehaviourScenarios/Ally/Ranger,Ally,Ranger,6,EnemySystemInvasion,Ally Ranger L06 EnemySystemInvasion,Ranger L06: мы атакуем систему врагов.,67,FutureEnumRequired,One AssetConfig row maps to one NpcBehaviourScenarioConfig asset.
ally_behaviour_ranger_L07_normal,Assets/_Project/Content/Configs/Population/NpcBehaviourScenarios/Ally/Ranger,Ally,Ranger,7,Normal,Ally Ranger L07 Normal,Ranger L07: обычное состояние.,0,FutureEnumRequired,One AssetConfig row maps to one NpcBehaviourScenarioConfig asset.
ally_behaviour_ranger_L07_enemy_invasion,Assets/_Project/Content/Configs/Population/NpcBehaviourScenarios/Ally/Ranger,Ally,Ranger,7,EnemyInvasion,Ally Ranger L07 EnemyInvasion,Ranger L07: враги атакуют нашу систему.,58,FutureEnumRequired,One AssetConfig row maps to one NpcBehaviourScenarioConfig asset.
ally_behaviour_ranger_L07_enemy_system_invasion,Assets/_Project/Content/Configs/Population/NpcBehaviourScenarios/Ally/Ranger,Ally,Ranger,7,EnemySystemInvasion,Ally Ranger L07 EnemySystemInvasion,Ranger L07: мы атакуем систему врагов.,68,FutureEnumRequired,One AssetConfig row maps to one NpcBehaviourScenarioConfig asset.
ally_behaviour_ranger_L08_normal,Assets/_Project/Content/Configs/Population/NpcBehaviourScenarios/Ally/Ranger,Ally,Ranger,8,Normal,Ally Ranger L08 Normal,Ranger L08: обычное состояние.,0,FutureEnumRequired,One AssetConfig row maps to one NpcBehaviourScenarioConfig asset.
ally_behaviour_ranger_L08_enemy_invasion,Assets/_Project/Content/Configs/Population/NpcBehaviourScenarios/Ally/Ranger,Ally,Ranger,8,EnemyInvasion,Ally Ranger L08 EnemyInvasion,Ranger L08: враги атакуют нашу систему.,58,FutureEnumRequired,One AssetConfig row maps to one NpcBehaviourScenarioConfig asset.
ally_behaviour_ranger_L08_enemy_system_invasion,Assets/_Project/Content/Configs/Population/NpcBehaviourScenarios/Ally/Ranger,Ally,Ranger,8,EnemySystemInvasion,Ally Ranger L08 EnemySystemInvasion,Ranger L08: мы атакуем систему врагов.,68,FutureEnumRequired,One AssetConfig row maps to one NpcBehaviourScenarioConfig asset.
ally_behaviour_ranger_L09_normal,Assets/_Project/Content/Configs/Population/NpcBehaviourScenarios/Ally/Ranger,Ally,Ranger,9,Normal,Ally Ranger L09 Normal,Ranger L09: обычное состояние.,0,FutureEnumRequired,One AssetConfig row maps to one NpcBehaviourScenarioConfig asset.
ally_behaviour_ranger_L09_enemy_invasion,Assets/_Project/Content/Configs/Population/NpcBehaviourScenarios/Ally/Ranger,Ally,Ranger,9,EnemyInvasion,Ally Ranger L09 EnemyInvasion,Ranger L09: враги атакуют нашу систему.,59,FutureEnumRequired,One AssetConfig row maps to one NpcBehaviourScenarioConfig asset.
ally_behaviour_ranger_L09_enemy_system_invasion,Assets/_Project/Content/Configs/Population/NpcBehaviourScenarios/Ally/Ranger,Ally,Ranger,9,EnemySystemInvasion,Ally Ranger L09 EnemySystemInvasion,Ranger L09: мы атакуем систему врагов.,69,FutureEnumRequired,One AssetConfig row maps to one NpcBehaviourScenarioConfig asset.
ally_behaviour_ranger_L10_normal,Assets/_Project/Content/Configs/Population/NpcBehaviourScenarios/Ally/Ranger,Ally,Ranger,10,Normal,Ally Ranger L10 Normal,Ranger L10: обычное состояние.,0,FutureEnumRequired,One AssetConfig row maps to one NpcBehaviourScenarioConfig asset.
ally_behaviour_ranger_L10_enemy_invasion,Assets/_Project/Content/Configs/Population/NpcBehaviourScenarios/Ally/Ranger,Ally,Ranger,10,EnemyInvasion,Ally Ranger L10 EnemyInvasion,Ranger L10: враги атакуют нашу систему.,59,FutureEnumRequired,One AssetConfig row maps to one NpcBehaviourScenarioConfig asset.
ally_behaviour_ranger_L10_enemy_system_invasion,Assets/_Project/Content/Configs/Population/NpcBehaviourScenarios/Ally/Ranger,Ally,Ranger,10,EnemySystemInvasion,Ally Ranger L10 EnemySystemInvasion,Ranger L10: мы атакуем систему врагов.,69,FutureEnumRequired,One AssetConfig row maps to one NpcBehaviourScenarioConfig asset.
ally_behaviour_trader_L01_normal,Assets/_Project/Content/Configs/Population/NpcBehaviourScenarios/Ally/Trader,Ally,Trader,1,Normal,Ally Trader L01 Normal,Trader L01: обычное состояние.,0,CurrentUnityCompatible,One AssetConfig row maps to one NpcBehaviourScenarioConfig asset.
ally_behaviour_trader_L01_enemy_invasion,Assets/_Project/Content/Configs/Population/NpcBehaviourScenarios/Ally/Trader,Ally,Trader,1,EnemyInvasion,Ally Trader L01 EnemyInvasion,Trader L01: враги атакуют нашу систему.,0,CurrentUnityCompatible,One AssetConfig row maps to one NpcBehaviourScenarioConfig asset.
ally_behaviour_trader_L02_normal,Assets/_Project/Content/Configs/Population/NpcBehaviourScenarios/Ally/Trader,Ally,Trader,2,Normal,Ally Trader L02 Normal,Trader L02: обычное состояние.,0,CurrentUnityCompatible,One AssetConfig row maps to one NpcBehaviourScenarioConfig asset.
ally_behaviour_trader_L02_enemy_invasion,Assets/_Project/Content/Configs/Population/NpcBehaviourScenarios/Ally/Trader,Ally,Trader,2,EnemyInvasion,Ally Trader L02 EnemyInvasion,Trader L02: враги атакуют нашу систему.,0,CurrentUnityCompatible,One AssetConfig row maps to one NpcBehaviourScenarioConfig asset.
ally_behaviour_trader_L03_normal,Assets/_Project/Content/Configs/Population/NpcBehaviourScenarios/Ally/Trader,Ally,Trader,3,Normal,Ally Trader L03 Normal,Trader L03: обычное состояние.,0,CurrentUnityCompatible,One AssetConfig row maps to one NpcBehaviourScenarioConfig asset.
ally_behaviour_trader_L03_enemy_invasion,Assets/_Project/Content/Configs/Population/NpcBehaviourScenarios/Ally/Trader,Ally,Trader,3,EnemyInvasion,Ally Trader L03 EnemyInvasion,Trader L03: враги атакуют нашу систему.,0,CurrentUnityCompatible,One AssetConfig row maps to one NpcBehaviourScenarioConfig asset.
ally_behaviour_trader_L04_normal,Assets/_Project/Content/Configs/Population/NpcBehaviourScenarios/Ally/Trader,Ally,Trader,4,Normal,Ally Trader L04 Normal,Trader L04: обычное состояние.,0,CurrentUnityCompatible,One AssetConfig row maps to one NpcBehaviourScenarioConfig asset.
ally_behaviour_trader_L04_enemy_invasion,Assets/_Project/Content/Configs/Population/NpcBehaviourScenarios/Ally/Trader,Ally,Trader,4,EnemyInvasion,Ally Trader L04 EnemyInvasion,Trader L04: враги атакуют нашу систему.,0,CurrentUnityCompatible,One AssetConfig row maps to one NpcBehaviourScenarioConfig asset.
ally_behaviour_trader_L05_normal,Assets/_Project/Content/Configs/Population/NpcBehaviourScenarios/Ally/Trader,Ally,Trader,5,Normal,Ally Trader L05 Normal,Trader L05: обычное состояние.,0,CurrentUnityCompatible,One AssetConfig row maps to one NpcBehaviourScenarioConfig asset.
ally_behaviour_trader_L05_enemy_invasion,Assets/_Project/Content/Configs/Population/NpcBehaviourScenarios/Ally/Trader,Ally,Trader,5,EnemyInvasion,Ally Trader L05 EnemyInvasion,Trader L05: враги атакуют нашу систему.,0,CurrentUnityCompatible,One AssetConfig row maps to one NpcBehaviourScenarioConfig asset.
ally_behaviour_trader_L06_normal,Assets/_Project/Content/Configs/Population/NpcBehaviourScenarios/Ally/Trader,Ally,Trader,6,Normal,Ally Trader L06 Normal,Trader L06: обычное состояние.,0,CurrentUnityCompatible,One AssetConfig row maps to one NpcBehaviourScenarioConfig asset.
ally_behaviour_trader_L06_enemy_invasion,Assets/_Project/Content/Configs/Population/NpcBehaviourScenarios/Ally/Trader,Ally,Trader,6,EnemyInvasion,Ally Trader L06 EnemyInvasion,Trader L06: враги атакуют нашу систему.,0,CurrentUnityCompatible,One AssetConfig row maps to one NpcBehaviourScenarioConfig asset.
ally_behaviour_trader_L07_normal,Assets/_Project/Content/Configs/Population/NpcBehaviourScenarios/Ally/Trader,Ally,Trader,7,Normal,Ally Trader L07 Normal,Trader L07: обычное состояние.,0,CurrentUnityCompatible,One AssetConfig row maps to one NpcBehaviourScenarioConfig asset.
ally_behaviour_trader_L07_enemy_invasion,Assets/_Project/Content/Configs/Population/NpcBehaviourScenarios/Ally/Trader,Ally,Trader,7,EnemyInvasion,Ally Trader L07 EnemyInvasion,Trader L07: враги атакуют нашу систему.,0,CurrentUnityCompatible,One AssetConfig row maps to one NpcBehaviourScenarioConfig asset.
ally_behaviour_trader_L08_normal,Assets/_Project/Content/Configs/Population/NpcBehaviourScenarios/Ally/Trader,Ally,Trader,8,Normal,Ally Trader L08 Normal,Trader L08: обычное состояние.,0,CurrentUnityCompatible,One AssetConfig row maps to one NpcBehaviourScenarioConfig asset.
ally_behaviour_trader_L08_enemy_invasion,Assets/_Project/Content/Configs/Population/NpcBehaviourScenarios/Ally/Trader,Ally,Trader,8,EnemyInvasion,Ally Trader L08 EnemyInvasion,Trader L08: враги атакуют нашу систему.,0,CurrentUnityCompatible,One AssetConfig row maps to one NpcBehaviourScenarioConfig asset.
ally_behaviour_trader_L09_normal,Assets/_Project/Content/Configs/Population/NpcBehaviourScenarios/Ally/Trader,Ally,Trader,9,Normal,Ally Trader L09 Normal,Trader L09: обычное состояние.,0,CurrentUnityCompatible,One AssetConfig row maps to one NpcBehaviourScenarioConfig asset.
ally_behaviour_trader_L09_enemy_invasion,Assets/_Project/Content/Configs/Population/NpcBehaviourScenarios/Ally/Trader,Ally,Trader,9,EnemyInvasion,Ally Trader L09 EnemyInvasion,Trader L09: враги атакуют нашу систему.,0,CurrentUnityCompatible,One AssetConfig row maps to one NpcBehaviourScenarioConfig asset.
ally_behaviour_trader_L10_normal,Assets/_Project/Content/Configs/Population/NpcBehaviourScenarios/Ally/Trader,Ally,Trader,10,Normal,Ally Trader L10 Normal,Trader L10: обычное состояние.,0,CurrentUnityCompatible,One AssetConfig row maps to one NpcBehaviourScenarioConfig asset.
ally_behaviour_trader_L10_enemy_invasion,Assets/_Project/Content/Configs/Population/NpcBehaviourScenarios/Ally/Trader,Ally,Trader,10,EnemyInvasion,Ally Trader L10 EnemyInvasion,Trader L10: враги атакуют нашу систему.,0,CurrentUnityCompatible,One AssetConfig row maps to one NpcBehaviourScenarioConfig asset.
ally_behaviour_science_L01_normal,Assets/_Project/Content/Configs/Population/NpcBehaviourScenarios/Ally/Science,Ally,Science,1,Normal,Ally Science L01 Normal,Science L01: обычное состояние.,0,CurrentUnityCompatible,One AssetConfig row maps to one NpcBehaviourScenarioConfig asset.
ally_behaviour_science_L01_enemy_invasion,Assets/_Project/Content/Configs/Population/NpcBehaviourScenarios/Ally/Science,Ally,Science,1,EnemyInvasion,Ally Science L01 EnemyInvasion,Science L01: враги атакуют нашу систему.,0,CurrentUnityCompatible,One AssetConfig row maps to one NpcBehaviourScenarioConfig asset.
ally_behaviour_science_L02_normal,Assets/_Project/Content/Configs/Population/NpcBehaviourScenarios/Ally/Science,Ally,Science,2,Normal,Ally Science L02 Normal,Science L02: обычное состояние.,0,CurrentUnityCompatible,One AssetConfig row maps to one NpcBehaviourScenarioConfig asset.
ally_behaviour_science_L02_enemy_invasion,Assets/_Project/Content/Configs/Population/NpcBehaviourScenarios/Ally/Science,Ally,Science,2,EnemyInvasion,Ally Science L02 EnemyInvasion,Science L02: враги атакуют нашу систему.,0,CurrentUnityCompatible,One AssetConfig row maps to one NpcBehaviourScenarioConfig asset.
ally_behaviour_science_L03_normal,Assets/_Project/Content/Configs/Population/NpcBehaviourScenarios/Ally/Science,Ally,Science,3,Normal,Ally Science L03 Normal,Science L03: обычное состояние.,0,CurrentUnityCompatible,One AssetConfig row maps to one NpcBehaviourScenarioConfig asset.
ally_behaviour_science_L03_enemy_invasion,Assets/_Project/Content/Configs/Population/NpcBehaviourScenarios/Ally/Science,Ally,Science,3,EnemyInvasion,Ally Science L03 EnemyInvasion,Science L03: враги атакуют нашу систему.,0,CurrentUnityCompatible,One AssetConfig row maps to one NpcBehaviourScenarioConfig asset.
ally_behaviour_science_L04_normal,Assets/_Project/Content/Configs/Population/NpcBehaviourScenarios/Ally/Science,Ally,Science,4,Normal,Ally Science L04 Normal,Science L04: обычное состояние.,0,CurrentUnityCompatible,One AssetConfig row maps to one NpcBehaviourScenarioConfig asset.
ally_behaviour_science_L04_enemy_invasion,Assets/_Project/Content/Configs/Population/NpcBehaviourScenarios/Ally/Science,Ally,Science,4,EnemyInvasion,Ally Science L04 EnemyInvasion,Science L04: враги атакуют нашу систему.,0,CurrentUnityCompatible,One AssetConfig row maps to one NpcBehaviourScenarioConfig asset.
ally_behaviour_science_L05_normal,Assets/_Project/Content/Configs/Population/NpcBehaviourScenarios/Ally/Science,Ally,Science,5,Normal,Ally Science L05 Normal,Science L05: обычное состояние.,0,CurrentUnityCompatible,One AssetConfig row maps to one NpcBehaviourScenarioConfig asset.
ally_behaviour_science_L05_enemy_invasion,Assets/_Project/Content/Configs/Population/NpcBehaviourScenarios/Ally/Science,Ally,Science,5,EnemyInvasion,Ally Science L05 EnemyInvasion,Science L05: враги атакуют нашу систему.,0,CurrentUnityCompatible,One AssetConfig row maps to one NpcBehaviourScenarioConfig asset.
ally_behaviour_science_L06_normal,Assets/_Project/Content/Configs/Population/NpcBehaviourScenarios/Ally/Science,Ally,Science,6,Normal,Ally Science L06 Normal,Science L06: обычное состояние.,0,CurrentUnityCompatible,One AssetConfig row maps to one NpcBehaviourScenarioConfig asset.
ally_behaviour_science_L06_enemy_invasion,Assets/_Project/Content/Configs/Population/NpcBehaviourScenarios/Ally/Science,Ally,Science,6,EnemyInvasion,Ally Science L06 EnemyInvasion,Science L06: враги атакуют нашу систему.,0,CurrentUnityCompatible,One AssetConfig row maps to one NpcBehaviourScenarioConfig asset.
ally_behaviour_science_L07_normal,Assets/_Project/Content/Configs/Population/NpcBehaviourScenarios/Ally/Science,Ally,Science,7,Normal,Ally Science L07 Normal,Science L07: обычное состояние.,0,CurrentUnityCompatible,One AssetConfig row maps to one NpcBehaviourScenarioConfig asset.
ally_behaviour_science_L07_enemy_invasion,Assets/_Project/Content/Configs/Population/NpcBehaviourScenarios/Ally/Science,Ally,Science,7,EnemyInvasion,Ally Science L07 EnemyInvasion,Science L07: враги атакуют нашу систему.,0,CurrentUnityCompatible,One AssetConfig row maps to one NpcBehaviourScenarioConfig asset.
ally_behaviour_science_L08_normal,Assets/_Project/Content/Configs/Population/NpcBehaviourScenarios/Ally/Science,Ally,Science,8,Normal,Ally Science L08 Normal,Science L08: обычное состояние.,0,CurrentUnityCompatible,One AssetConfig row maps to one NpcBehaviourScenarioConfig asset.
ally_behaviour_science_L08_enemy_invasion,Assets/_Project/Content/Configs/Population/NpcBehaviourScenarios/Ally/Science,Ally,Science,8,EnemyInvasion,Ally Science L08 EnemyInvasion,Science L08: враги атакуют нашу систему.,0,CurrentUnityCompatible,One AssetConfig row maps to one NpcBehaviourScenarioConfig asset.
ally_behaviour_science_L09_normal,Assets/_Project/Content/Configs/Population/NpcBehaviourScenarios/Ally/Science,Ally,Science,9,Normal,Ally Science L09 Normal,Science L09: обычное состояние.,0,CurrentUnityCompatible,One AssetConfig row maps to one NpcBehaviourScenarioConfig asset.
ally_behaviour_science_L09_enemy_invasion,Assets/_Project/Content/Configs/Population/NpcBehaviourScenarios/Ally/Science,Ally,Science,9,EnemyInvasion,Ally Science L09 EnemyInvasion,Science L09: враги атакуют нашу систему.,0,CurrentUnityCompatible,One AssetConfig row maps to one NpcBehaviourScenarioConfig asset.
ally_behaviour_science_L10_normal,Assets/_Project/Content/Configs/Population/NpcBehaviourScenarios/Ally/Science,Ally,Science,10,Normal,Ally Science L10 Normal,Science L10: обычное состояние.,0,CurrentUnityCompatible,One AssetConfig row maps to one NpcBehaviourScenarioConfig asset.
ally_behaviour_science_L10_enemy_invasion,Assets/_Project/Content/Configs/Population/NpcBehaviourScenarios/Ally/Science,Ally,Science,10,EnemyInvasion,Ally Science L10 EnemyInvasion,Science L10: враги атакуют нашу систему.,0,CurrentUnityCompatible,One AssetConfig row maps to one NpcBehaviourScenarioConfig asset.
ally_behaviour_medic_L01_normal,Assets/_Project/Content/Configs/Population/NpcBehaviourScenarios/Ally/Medic,Ally,Medic,1,Normal,Ally Medic L01 Normal,Medic L01: обычное состояние.,0,CurrentUnityCompatible,One AssetConfig row maps to one NpcBehaviourScenarioConfig asset.
ally_behaviour_medic_L01_enemy_invasion,Assets/_Project/Content/Configs/Population/NpcBehaviourScenarios/Ally/Medic,Ally,Medic,1,EnemyInvasion,Ally Medic L01 EnemyInvasion,Medic L01: враги атакуют нашу систему.,0,CurrentUnityCompatible,One AssetConfig row maps to one NpcBehaviourScenarioConfig asset.
ally_behaviour_medic_L02_normal,Assets/_Project/Content/Configs/Population/NpcBehaviourScenarios/Ally/Medic,Ally,Medic,2,Normal,Ally Medic L02 Normal,Medic L02: обычное состояние.,0,CurrentUnityCompatible,One AssetConfig row maps to one NpcBehaviourScenarioConfig asset.
ally_behaviour_medic_L02_enemy_invasion,Assets/_Project/Content/Configs/Population/NpcBehaviourScenarios/Ally/Medic,Ally,Medic,2,EnemyInvasion,Ally Medic L02 EnemyInvasion,Medic L02: враги атакуют нашу систему.,0,CurrentUnityCompatible,One AssetConfig row maps to one NpcBehaviourScenarioConfig asset.
ally_behaviour_medic_L03_normal,Assets/_Project/Content/Configs/Population/NpcBehaviourScenarios/Ally/Medic,Ally,Medic,3,Normal,Ally Medic L03 Normal,Medic L03: обычное состояние.,0,CurrentUnityCompatible,One AssetConfig row maps to one NpcBehaviourScenarioConfig asset.
ally_behaviour_medic_L03_enemy_invasion,Assets/_Project/Content/Configs/Population/NpcBehaviourScenarios/Ally/Medic,Ally,Medic,3,EnemyInvasion,Ally Medic L03 EnemyInvasion,Medic L03: враги атакуют нашу систему.,0,CurrentUnityCompatible,One AssetConfig row maps to one NpcBehaviourScenarioConfig asset.
ally_behaviour_medic_L04_normal,Assets/_Project/Content/Configs/Population/NpcBehaviourScenarios/Ally/Medic,Ally,Medic,4,Normal,Ally Medic L04 Normal,Medic L04: обычное состояние.,0,CurrentUnityCompatible,One AssetConfig row maps to one NpcBehaviourScenarioConfig asset.
ally_behaviour_medic_L04_enemy_invasion,Assets/_Project/Content/Configs/Population/NpcBehaviourScenarios/Ally/Medic,Ally,Medic,4,EnemyInvasion,Ally Medic L04 EnemyInvasion,Medic L04: враги атакуют нашу систему.,0,CurrentUnityCompatible,One AssetConfig row maps to one NpcBehaviourScenarioConfig asset.
ally_behaviour_medic_L05_normal,Assets/_Project/Content/Configs/Population/NpcBehaviourScenarios/Ally/Medic,Ally,Medic,5,Normal,Ally Medic L05 Normal,Medic L05: обычное состояние.,0,CurrentUnityCompatible,One AssetConfig row maps to one NpcBehaviourScenarioConfig asset.
ally_behaviour_medic_L05_enemy_invasion,Assets/_Project/Content/Configs/Population/NpcBehaviourScenarios/Ally/Medic,Ally,Medic,5,EnemyInvasion,Ally Medic L05 EnemyInvasion,Medic L05: враги атакуют нашу систему.,0,CurrentUnityCompatible,One AssetConfig row maps to one NpcBehaviourScenarioConfig asset.
ally_behaviour_medic_L06_normal,Assets/_Project/Content/Configs/Population/NpcBehaviourScenarios/Ally/Medic,Ally,Medic,6,Normal,Ally Medic L06 Normal,Medic L06: обычное состояние.,0,CurrentUnityCompatible,One AssetConfig row maps to one NpcBehaviourScenarioConfig asset.
ally_behaviour_medic_L06_enemy_invasion,Assets/_Project/Content/Configs/Population/NpcBehaviourScenarios/Ally/Medic,Ally,Medic,6,EnemyInvasion,Ally Medic L06 EnemyInvasion,Medic L06: враги атакуют нашу систему.,0,CurrentUnityCompatible,One AssetConfig row maps to one NpcBehaviourScenarioConfig asset.
ally_behaviour_medic_L07_normal,Assets/_Project/Content/Configs/Population/NpcBehaviourScenarios/Ally/Medic,Ally,Medic,7,Normal,Ally Medic L07 Normal,Medic L07: обычное состояние.,0,CurrentUnityCompatible,One AssetConfig row maps to one NpcBehaviourScenarioConfig asset.
ally_behaviour_medic_L07_enemy_invasion,Assets/_Project/Content/Configs/Population/NpcBehaviourScenarios/Ally/Medic,Ally,Medic,7,EnemyInvasion,Ally Medic L07 EnemyInvasion,Medic L07: враги атакуют нашу систему.,0,CurrentUnityCompatible,One AssetConfig row maps to one NpcBehaviourScenarioConfig asset.
ally_behaviour_medic_L08_normal,Assets/_Project/Content/Configs/Population/NpcBehaviourScenarios/Ally/Medic,Ally,Medic,8,Normal,Ally Medic L08 Normal,Medic L08: обычное состояние.,0,CurrentUnityCompatible,One AssetConfig row maps to one NpcBehaviourScenarioConfig asset.
ally_behaviour_medic_L08_enemy_invasion,Assets/_Project/Content/Configs/Population/NpcBehaviourScenarios/Ally/Medic,Ally,Medic,8,EnemyInvasion,Ally Medic L08 EnemyInvasion,Medic L08: враги атакуют нашу систему.,0,CurrentUnityCompatible,One AssetConfig row maps to one NpcBehaviourScenarioConfig asset.
ally_behaviour_medic_L09_normal,Assets/_Project/Content/Configs/Population/NpcBehaviourScenarios/Ally/Medic,Ally,Medic,9,Normal,Ally Medic L09 Normal,Medic L09: обычное состояние.,0,CurrentUnityCompatible,One AssetConfig row maps to one NpcBehaviourScenarioConfig asset.
ally_behaviour_medic_L09_enemy_invasion,Assets/_Project/Content/Configs/Population/NpcBehaviourScenarios/Ally/Medic,Ally,Medic,9,EnemyInvasion,Ally Medic L09 EnemyInvasion,Medic L09: враги атакуют нашу систему.,0,CurrentUnityCompatible,One AssetConfig row maps to one NpcBehaviourScenarioConfig asset.
ally_behaviour_medic_L10_normal,Assets/_Project/Content/Configs/Population/NpcBehaviourScenarios/Ally/Medic,Ally,Medic,10,Normal,Ally Medic L10 Normal,Medic L10: обычное состояние.,0,CurrentUnityCompatible,One AssetConfig row maps to one NpcBehaviourScenarioConfig asset.
ally_behaviour_medic_L10_enemy_invasion,Assets/_Project/Content/Configs/Population/NpcBehaviourScenarios/Ally/Medic,Ally,Medic,10,EnemyInvasion,Ally Medic L10 EnemyInvasion,Medic L10: враги атакуют нашу систему.,0,CurrentUnityCompatible,One AssetConfig row maps to one NpcBehaviourScenarioConfig asset.
enemy_behaviour_ai_L01_normal,Assets/_Project/Content/Configs/Population/NpcBehaviourScenarios/Enemy/AI,Enemy,AI,1,Normal,Enemy AI L01 Normal,AI L01: обычное состояние.,0,CurrentUnityCompatible,One AssetConfig row maps to one NpcBehaviourScenarioConfig asset.
enemy_behaviour_ai_L01_enemy_invasion,Assets/_Project/Content/Configs/Population/NpcBehaviourScenarios/Enemy/AI,Enemy,AI,1,EnemyInvasion,Enemy AI L01 EnemyInvasion,AI L01: враги атакуют нашу систему.,40,FutureEnumRequired,One AssetConfig row maps to one NpcBehaviourScenarioConfig asset.
enemy_behaviour_ai_L01_enemy_system_invasion,Assets/_Project/Content/Configs/Population/NpcBehaviourScenarios/Enemy/AI,Enemy,AI,1,EnemySystemInvasion,Enemy AI L01 EnemySystemInvasion,AI L01: мы атакуем систему врагов.,100,CurrentUnityCompatible,One AssetConfig row maps to one NpcBehaviourScenarioConfig asset.
enemy_behaviour_ai_L02_normal,Assets/_Project/Content/Configs/Population/NpcBehaviourScenarios/Enemy/AI,Enemy,AI,2,Normal,Enemy AI L02 Normal,AI L02: обычное состояние.,0,CurrentUnityCompatible,One AssetConfig row maps to one NpcBehaviourScenarioConfig asset.
enemy_behaviour_ai_L02_enemy_invasion,Assets/_Project/Content/Configs/Population/NpcBehaviourScenarios/Enemy/AI,Enemy,AI,2,EnemyInvasion,Enemy AI L02 EnemyInvasion,AI L02: враги атакуют нашу систему.,40,FutureEnumRequired,One AssetConfig row maps to one NpcBehaviourScenarioConfig asset.
enemy_behaviour_ai_L02_enemy_system_invasion,Assets/_Project/Content/Configs/Population/NpcBehaviourScenarios/Enemy/AI,Enemy,AI,2,EnemySystemInvasion,Enemy AI L02 EnemySystemInvasion,AI L02: мы атакуем систему врагов.,100,CurrentUnityCompatible,One AssetConfig row maps to one NpcBehaviourScenarioConfig asset.
enemy_behaviour_ai_L03_normal,Assets/_Project/Content/Configs/Population/NpcBehaviourScenarios/Enemy/AI,Enemy,AI,3,Normal,Enemy AI L03 Normal,AI L03: обычное состояние.,0,CurrentUnityCompatible,One AssetConfig row maps to one NpcBehaviourScenarioConfig asset.
enemy_behaviour_ai_L03_enemy_invasion,Assets/_Project/Content/Configs/Population/NpcBehaviourScenarios/Enemy/AI,Enemy,AI,3,EnemyInvasion,Enemy AI L03 EnemyInvasion,AI L03: враги атакуют нашу систему.,41,FutureEnumRequired,One AssetConfig row maps to one NpcBehaviourScenarioConfig asset.
enemy_behaviour_ai_L03_enemy_system_invasion,Assets/_Project/Content/Configs/Population/NpcBehaviourScenarios/Enemy/AI,Enemy,AI,3,EnemySystemInvasion,Enemy AI L03 EnemySystemInvasion,AI L03: мы атакуем систему врагов.,100,CurrentUnityCompatible,One AssetConfig row maps to one NpcBehaviourScenarioConfig asset.
enemy_behaviour_ai_L04_normal,Assets/_Project/Content/Configs/Population/NpcBehaviourScenarios/Enemy/AI,Enemy,AI,4,Normal,Enemy AI L04 Normal,AI L04: обычное состояние.,0,CurrentUnityCompatible,One AssetConfig row maps to one NpcBehaviourScenarioConfig asset.
enemy_behaviour_ai_L04_enemy_invasion,Assets/_Project/Content/Configs/Population/NpcBehaviourScenarios/Enemy/AI,Enemy,AI,4,EnemyInvasion,Enemy AI L04 EnemyInvasion,AI L04: враги атакуют нашу систему.,41,FutureEnumRequired,One AssetConfig row maps to one NpcBehaviourScenarioConfig asset.
enemy_behaviour_ai_L04_enemy_system_invasion,Assets/_Project/Content/Configs/Population/NpcBehaviourScenarios/Enemy/AI,Enemy,AI,4,EnemySystemInvasion,Enemy AI L04 EnemySystemInvasion,AI L04: мы атакуем систему врагов.,100,CurrentUnityCompatible,One AssetConfig row maps to one NpcBehaviourScenarioConfig asset.
enemy_behaviour_ai_L05_normal,Assets/_Project/Content/Configs/Population/NpcBehaviourScenarios/Enemy/AI,Enemy,AI,5,Normal,Enemy AI L05 Normal,AI L05: обычное состояние.,0,CurrentUnityCompatible,One AssetConfig row maps to one NpcBehaviourScenarioConfig asset.
enemy_behaviour_ai_L05_enemy_invasion,Assets/_Project/Content/Configs/Population/NpcBehaviourScenarios/Enemy/AI,Enemy,AI,5,EnemyInvasion,Enemy AI L05 EnemyInvasion,AI L05: враги атакуют нашу систему.,42,FutureEnumRequired,One AssetConfig row maps to one NpcBehaviourScenarioConfig asset.
enemy_behaviour_ai_L05_enemy_system_invasion,Assets/_Project/Content/Configs/Population/NpcBehaviourScenarios/Enemy/AI,Enemy,AI,5,EnemySystemInvasion,Enemy AI L05 EnemySystemInvasion,AI L05: мы атакуем систему врагов.,100,CurrentUnityCompatible,One AssetConfig row maps to one NpcBehaviourScenarioConfig asset.
enemy_behaviour_ai_L06_normal,Assets/_Project/Content/Configs/Population/NpcBehaviourScenarios/Enemy/AI,Enemy,AI,6,Normal,Enemy AI L06 Normal,AI L06: обычное состояние.,0,CurrentUnityCompatible,One AssetConfig row maps to one NpcBehaviourScenarioConfig asset.
enemy_behaviour_ai_L06_enemy_invasion,Assets/_Project/Content/Configs/Population/NpcBehaviourScenarios/Enemy/AI,Enemy,AI,6,EnemyInvasion,Enemy AI L06 EnemyInvasion,AI L06: враги атакуют нашу систему.,42,FutureEnumRequired,One AssetConfig row maps to one NpcBehaviourScenarioConfig asset.
enemy_behaviour_ai_L06_enemy_system_invasion,Assets/_Project/Content/Configs/Population/NpcBehaviourScenarios/Enemy/AI,Enemy,AI,6,EnemySystemInvasion,Enemy AI L06 EnemySystemInvasion,AI L06: мы атакуем систему врагов.,100,CurrentUnityCompatible,One AssetConfig row maps to one NpcBehaviourScenarioConfig asset.
enemy_behaviour_ai_L07_normal,Assets/_Project/Content/Configs/Population/NpcBehaviourScenarios/Enemy/AI,Enemy,AI,7,Normal,Enemy AI L07 Normal,AI L07: обычное состояние.,0,CurrentUnityCompatible,One AssetConfig row maps to one NpcBehaviourScenarioConfig asset.
enemy_behaviour_ai_L07_enemy_invasion,Assets/_Project/Content/Configs/Population/NpcBehaviourScenarios/Enemy/AI,Enemy,AI,7,EnemyInvasion,Enemy AI L07 EnemyInvasion,AI L07: враги атакуют нашу систему.,43,FutureEnumRequired,One AssetConfig row maps to one NpcBehaviourScenarioConfig asset.
enemy_behaviour_ai_L07_enemy_system_invasion,Assets/_Project/Content/Configs/Population/NpcBehaviourScenarios/Enemy/AI,Enemy,AI,7,EnemySystemInvasion,Enemy AI L07 EnemySystemInvasion,AI L07: мы атакуем систему врагов.,100,CurrentUnityCompatible,One AssetConfig row maps to one NpcBehaviourScenarioConfig asset.
enemy_behaviour_ai_L08_normal,Assets/_Project/Content/Configs/Population/NpcBehaviourScenarios/Enemy/AI,Enemy,AI,8,Normal,Enemy AI L08 Normal,AI L08: обычное состояние.,0,CurrentUnityCompatible,One AssetConfig row maps to one NpcBehaviourScenarioConfig asset.
enemy_behaviour_ai_L08_enemy_invasion,Assets/_Project/Content/Configs/Population/NpcBehaviourScenarios/Enemy/AI,Enemy,AI,8,EnemyInvasion,Enemy AI L08 EnemyInvasion,AI L08: враги атакуют нашу систему.,43,FutureEnumRequired,One AssetConfig row maps to one NpcBehaviourScenarioConfig asset.
enemy_behaviour_ai_L08_enemy_system_invasion,Assets/_Project/Content/Configs/Population/NpcBehaviourScenarios/Enemy/AI,Enemy,AI,8,EnemySystemInvasion,Enemy AI L08 EnemySystemInvasion,AI L08: мы атакуем систему врагов.,100,CurrentUnityCompatible,One AssetConfig row maps to one NpcBehaviourScenarioConfig asset.
enemy_behaviour_ai_L09_normal,Assets/_Project/Content/Configs/Population/NpcBehaviourScenarios/Enemy/AI,Enemy,AI,9,Normal,Enemy AI L09 Normal,AI L09: обычное состояние.,0,CurrentUnityCompatible,One AssetConfig row maps to one NpcBehaviourScenarioConfig asset.
enemy_behaviour_ai_L09_enemy_invasion,Assets/_Project/Content/Configs/Population/NpcBehaviourScenarios/Enemy/AI,Enemy,AI,9,EnemyInvasion,Enemy AI L09 EnemyInvasion,AI L09: враги атакуют нашу систему.,44,FutureEnumRequired,One AssetConfig row maps to one NpcBehaviourScenarioConfig asset.
enemy_behaviour_ai_L09_enemy_system_invasion,Assets/_Project/Content/Configs/Population/NpcBehaviourScenarios/Enemy/AI,Enemy,AI,9,EnemySystemInvasion,Enemy AI L09 EnemySystemInvasion,AI L09: мы атакуем систему врагов.,100,CurrentUnityCompatible,One AssetConfig row maps to one NpcBehaviourScenarioConfig asset.
enemy_behaviour_ai_L10_normal,Assets/_Project/Content/Configs/Population/NpcBehaviourScenarios/Enemy/AI,Enemy,AI,10,Normal,Enemy AI L10 Normal,AI L10: обычное состояние.,0,CurrentUnityCompatible,One AssetConfig row maps to one NpcBehaviourScenarioConfig asset.
enemy_behaviour_ai_L10_enemy_invasion,Assets/_Project/Content/Configs/Population/NpcBehaviourScenarios/Enemy/AI,Enemy,AI,10,EnemyInvasion,Enemy AI L10 EnemyInvasion,AI L10: враги атакуют нашу систему.,44,FutureEnumRequired,One AssetConfig row maps to one NpcBehaviourScenarioConfig asset.
enemy_behaviour_ai_L10_enemy_system_invasion,Assets/_Project/Content/Configs/Population/NpcBehaviourScenarios/Enemy/AI,Enemy,AI,10,EnemySystemInvasion,Enemy AI L10 EnemySystemInvasion,AI L10: мы атакуем систему врагов.,100,CurrentUnityCompatible,One AssetConfig row maps to one NpcBehaviourScenarioConfig asset.
enemy_behaviour_ancients_L01_normal,Assets/_Project/Content/Configs/Population/NpcBehaviourScenarios/Enemy/Ancients,Enemy,Ancients,1,Normal,Enemy Ancients L01 Normal,Ancients L01: обычное состояние.,0,CurrentUnityCompatible,One AssetConfig row maps to one NpcBehaviourScenarioConfig asset.
enemy_behaviour_ancients_L01_enemy_invasion,Assets/_Project/Content/Configs/Population/NpcBehaviourScenarios/Enemy/Ancients,Enemy,Ancients,1,EnemyInvasion,Enemy Ancients L01 EnemyInvasion,Ancients L01: враги атакуют нашу систему.,40,FutureEnumRequired,One AssetConfig row maps to one NpcBehaviourScenarioConfig asset.
enemy_behaviour_ancients_L01_enemy_system_invasion,Assets/_Project/Content/Configs/Population/NpcBehaviourScenarios/Enemy/Ancients,Enemy,Ancients,1,EnemySystemInvasion,Enemy Ancients L01 EnemySystemInvasion,Ancients L01: мы атакуем систему врагов.,100,CurrentUnityCompatible,One AssetConfig row maps to one NpcBehaviourScenarioConfig asset.
enemy_behaviour_ancients_L02_normal,Assets/_Project/Content/Configs/Population/NpcBehaviourScenarios/Enemy/Ancients,Enemy,Ancients,2,Normal,Enemy Ancients L02 Normal,Ancients L02: обычное состояние.,0,CurrentUnityCompatible,One AssetConfig row maps to one NpcBehaviourScenarioConfig asset.
enemy_behaviour_ancients_L02_enemy_invasion,Assets/_Project/Content/Configs/Population/NpcBehaviourScenarios/Enemy/Ancients,Enemy,Ancients,2,EnemyInvasion,Enemy Ancients L02 EnemyInvasion,Ancients L02: враги атакуют нашу систему.,40,FutureEnumRequired,One AssetConfig row maps to one NpcBehaviourScenarioConfig asset.
enemy_behaviour_ancients_L02_enemy_system_invasion,Assets/_Project/Content/Configs/Population/NpcBehaviourScenarios/Enemy/Ancients,Enemy,Ancients,2,EnemySystemInvasion,Enemy Ancients L02 EnemySystemInvasion,Ancients L02: мы атакуем систему врагов.,100,CurrentUnityCompatible,One AssetConfig row maps to one NpcBehaviourScenarioConfig asset.
enemy_behaviour_ancients_L03_normal,Assets/_Project/Content/Configs/Population/NpcBehaviourScenarios/Enemy/Ancients,Enemy,Ancients,3,Normal,Enemy Ancients L03 Normal,Ancients L03: обычное состояние.,0,CurrentUnityCompatible,One AssetConfig row maps to one NpcBehaviourScenarioConfig asset.
enemy_behaviour_ancients_L03_enemy_invasion,Assets/_Project/Content/Configs/Population/NpcBehaviourScenarios/Enemy/Ancients,Enemy,Ancients,3,EnemyInvasion,Enemy Ancients L03 EnemyInvasion,Ancients L03: враги атакуют нашу систему.,41,FutureEnumRequired,One AssetConfig row maps to one NpcBehaviourScenarioConfig asset.
enemy_behaviour_ancients_L03_enemy_system_invasion,Assets/_Project/Content/Configs/Population/NpcBehaviourScenarios/Enemy/Ancients,Enemy,Ancients,3,EnemySystemInvasion,Enemy Ancients L03 EnemySystemInvasion,Ancients L03: мы атакуем систему врагов.,100,CurrentUnityCompatible,One AssetConfig row maps to one NpcBehaviourScenarioConfig asset.
enemy_behaviour_ancients_L04_normal,Assets/_Project/Content/Configs/Population/NpcBehaviourScenarios/Enemy/Ancients,Enemy,Ancients,4,Normal,Enemy Ancients L04 Normal,Ancients L04: обычное состояние.,0,CurrentUnityCompatible,One AssetConfig row maps to one NpcBehaviourScenarioConfig asset.
enemy_behaviour_ancients_L04_enemy_invasion,Assets/_Project/Content/Configs/Population/NpcBehaviourScenarios/Enemy/Ancients,Enemy,Ancients,4,EnemyInvasion,Enemy Ancients L04 EnemyInvasion,Ancients L04: враги атакуют нашу систему.,41,FutureEnumRequired,One AssetConfig row maps to one NpcBehaviourScenarioConfig asset.
enemy_behaviour_ancients_L04_enemy_system_invasion,Assets/_Project/Content/Configs/Population/NpcBehaviourScenarios/Enemy/Ancients,Enemy,Ancients,4,EnemySystemInvasion,Enemy Ancients L04 EnemySystemInvasion,Ancients L04: мы атакуем систему врагов.,100,CurrentUnityCompatible,One AssetConfig row maps to one NpcBehaviourScenarioConfig asset.
enemy_behaviour_ancients_L05_normal,Assets/_Project/Content/Configs/Population/NpcBehaviourScenarios/Enemy/Ancients,Enemy,Ancients,5,Normal,Enemy Ancients L05 Normal,Ancients L05: обычное состояние.,0,CurrentUnityCompatible,One AssetConfig row maps to one NpcBehaviourScenarioConfig asset.
enemy_behaviour_ancients_L05_enemy_invasion,Assets/_Project/Content/Configs/Population/NpcBehaviourScenarios/Enemy/Ancients,Enemy,Ancients,5,EnemyInvasion,Enemy Ancients L05 EnemyInvasion,Ancients L05: враги атакуют нашу систему.,42,FutureEnumRequired,One AssetConfig row maps to one NpcBehaviourScenarioConfig asset.
enemy_behaviour_ancients_L05_enemy_system_invasion,Assets/_Project/Content/Configs/Population/NpcBehaviourScenarios/Enemy/Ancients,Enemy,Ancients,5,EnemySystemInvasion,Enemy Ancients L05 EnemySystemInvasion,Ancients L05: мы атакуем систему врагов.,100,CurrentUnityCompatible,One AssetConfig row maps to one NpcBehaviourScenarioConfig asset.
enemy_behaviour_ancients_L06_normal,Assets/_Project/Content/Configs/Population/NpcBehaviourScenarios/Enemy/Ancients,Enemy,Ancients,6,Normal,Enemy Ancients L06 Normal,Ancients L06: обычное состояние.,0,CurrentUnityCompatible,One AssetConfig row maps to one NpcBehaviourScenarioConfig asset.
enemy_behaviour_ancients_L06_enemy_invasion,Assets/_Project/Content/Configs/Population/NpcBehaviourScenarios/Enemy/Ancients,Enemy,Ancients,6,EnemyInvasion,Enemy Ancients L06 EnemyInvasion,Ancients L06: враги атакуют нашу систему.,42,FutureEnumRequired,One AssetConfig row maps to one NpcBehaviourScenarioConfig asset.
enemy_behaviour_ancients_L06_enemy_system_invasion,Assets/_Project/Content/Configs/Population/NpcBehaviourScenarios/Enemy/Ancients,Enemy,Ancients,6,EnemySystemInvasion,Enemy Ancients L06 EnemySystemInvasion,Ancients L06: мы атакуем систему врагов.,100,CurrentUnityCompatible,One AssetConfig row maps to one NpcBehaviourScenarioConfig asset.
enemy_behaviour_ancients_L07_normal,Assets/_Project/Content/Configs/Population/NpcBehaviourScenarios/Enemy/Ancients,Enemy,Ancients,7,Normal,Enemy Ancients L07 Normal,Ancients L07: обычное состояние.,0,CurrentUnityCompatible,One AssetConfig row maps to one NpcBehaviourScenarioConfig asset.
enemy_behaviour_ancients_L07_enemy_invasion,Assets/_Project/Content/Configs/Population/NpcBehaviourScenarios/Enemy/Ancients,Enemy,Ancients,7,EnemyInvasion,Enemy Ancients L07 EnemyInvasion,Ancients L07: враги атакуют нашу систему.,43,FutureEnumRequired,One AssetConfig row maps to one NpcBehaviourScenarioConfig asset.
enemy_behaviour_ancients_L07_enemy_system_invasion,Assets/_Project/Content/Configs/Population/NpcBehaviourScenarios/Enemy/Ancients,Enemy,Ancients,7,EnemySystemInvasion,Enemy Ancients L07 EnemySystemInvasion,Ancients L07: мы атакуем систему врагов.,100,CurrentUnityCompatible,One AssetConfig row maps to one NpcBehaviourScenarioConfig asset.
enemy_behaviour_ancients_L08_normal,Assets/_Project/Content/Configs/Population/NpcBehaviourScenarios/Enemy/Ancients,Enemy,Ancients,8,Normal,Enemy Ancients L08 Normal,Ancients L08: обычное состояние.,0,CurrentUnityCompatible,One AssetConfig row maps to one NpcBehaviourScenarioConfig asset.
enemy_behaviour_ancients_L08_enemy_invasion,Assets/_Project/Content/Configs/Population/NpcBehaviourScenarios/Enemy/Ancients,Enemy,Ancients,8,EnemyInvasion,Enemy Ancients L08 EnemyInvasion,Ancients L08: враги атакуют нашу систему.,43,FutureEnumRequired,One AssetConfig row maps to one NpcBehaviourScenarioConfig asset.
enemy_behaviour_ancients_L08_enemy_system_invasion,Assets/_Project/Content/Configs/Population/NpcBehaviourScenarios/Enemy/Ancients,Enemy,Ancients,8,EnemySystemInvasion,Enemy Ancients L08 EnemySystemInvasion,Ancients L08: мы атакуем систему врагов.,100,CurrentUnityCompatible,One AssetConfig row maps to one NpcBehaviourScenarioConfig asset.
enemy_behaviour_ancients_L09_normal,Assets/_Project/Content/Configs/Population/NpcBehaviourScenarios/Enemy/Ancients,Enemy,Ancients,9,Normal,Enemy Ancients L09 Normal,Ancients L09: обычное состояние.,0,CurrentUnityCompatible,One AssetConfig row maps to one NpcBehaviourScenarioConfig asset.
enemy_behaviour_ancients_L09_enemy_invasion,Assets/_Project/Content/Configs/Population/NpcBehaviourScenarios/Enemy/Ancients,Enemy,Ancients,9,EnemyInvasion,Enemy Ancients L09 EnemyInvasion,Ancients L09: враги атакуют нашу систему.,44,FutureEnumRequired,One AssetConfig row maps to one NpcBehaviourScenarioConfig asset.
enemy_behaviour_ancients_L09_enemy_system_invasion,Assets/_Project/Content/Configs/Population/NpcBehaviourScenarios/Enemy/Ancients,Enemy,Ancients,9,EnemySystemInvasion,Enemy Ancients L09 EnemySystemInvasion,Ancients L09: мы атакуем систему врагов.,100,CurrentUnityCompatible,One AssetConfig row maps to one NpcBehaviourScenarioConfig asset.
enemy_behaviour_ancients_L10_normal,Assets/_Project/Content/Configs/Population/NpcBehaviourScenarios/Enemy/Ancients,Enemy,Ancients,10,Normal,Enemy Ancients L10 Normal,Ancients L10: обычное состояние.,0,CurrentUnityCompatible,One AssetConfig row maps to one NpcBehaviourScenarioConfig asset.
enemy_behaviour_ancients_L10_enemy_invasion,Assets/_Project/Content/Configs/Population/NpcBehaviourScenarios/Enemy/Ancients,Enemy,Ancients,10,EnemyInvasion,Enemy Ancients L10 EnemyInvasion,Ancients L10: враги атакуют нашу систему.,44,FutureEnumRequired,One AssetConfig row maps to one NpcBehaviourScenarioConfig asset.
enemy_behaviour_ancients_L10_enemy_system_invasion,Assets/_Project/Content/Configs/Population/NpcBehaviourScenarios/Enemy/Ancients,Enemy,Ancients,10,EnemySystemInvasion,Enemy Ancients L10 EnemySystemInvasion,Ancients L10: мы атакуем систему врагов.,100,CurrentUnityCompatible,One AssetConfig row maps to one NpcBehaviourScenarioConfig asset.
enemy_behaviour_infected_L01_normal,Assets/_Project/Content/Configs/Population/NpcBehaviourScenarios/Enemy/Infected,Enemy,Infected,1,Normal,Enemy Infected L01 Normal,Infected L01: обычное состояние.,0,CurrentUnityCompatible,One AssetConfig row maps to one NpcBehaviourScenarioConfig asset.
enemy_behaviour_infected_L01_enemy_invasion,Assets/_Project/Content/Configs/Population/NpcBehaviourScenarios/Enemy/Infected,Enemy,Infected,1,EnemyInvasion,Enemy Infected L01 EnemyInvasion,Infected L01: враги атакуют нашу систему.,40,FutureEnumRequired,One AssetConfig row maps to one NpcBehaviourScenarioConfig asset.
enemy_behaviour_infected_L01_enemy_system_invasion,Assets/_Project/Content/Configs/Population/NpcBehaviourScenarios/Enemy/Infected,Enemy,Infected,1,EnemySystemInvasion,Enemy Infected L01 EnemySystemInvasion,Infected L01: мы атакуем систему врагов.,100,CurrentUnityCompatible,One AssetConfig row maps to one NpcBehaviourScenarioConfig asset.
enemy_behaviour_infected_L02_normal,Assets/_Project/Content/Configs/Population/NpcBehaviourScenarios/Enemy/Infected,Enemy,Infected,2,Normal,Enemy Infected L02 Normal,Infected L02: обычное состояние.,0,CurrentUnityCompatible,One AssetConfig row maps to one NpcBehaviourScenarioConfig asset.
enemy_behaviour_infected_L02_enemy_invasion,Assets/_Project/Content/Configs/Population/NpcBehaviourScenarios/Enemy/Infected,Enemy,Infected,2,EnemyInvasion,Enemy Infected L02 EnemyInvasion,Infected L02: враги атакуют нашу систему.,40,FutureEnumRequired,One AssetConfig row maps to one NpcBehaviourScenarioConfig asset.
enemy_behaviour_infected_L02_enemy_system_invasion,Assets/_Project/Content/Configs/Population/NpcBehaviourScenarios/Enemy/Infected,Enemy,Infected,2,EnemySystemInvasion,Enemy Infected L02 EnemySystemInvasion,Infected L02: мы атакуем систему врагов.,100,CurrentUnityCompatible,One AssetConfig row maps to one NpcBehaviourScenarioConfig asset.
enemy_behaviour_infected_L03_normal,Assets/_Project/Content/Configs/Population/NpcBehaviourScenarios/Enemy/Infected,Enemy,Infected,3,Normal,Enemy Infected L03 Normal,Infected L03: обычное состояние.,0,CurrentUnityCompatible,One AssetConfig row maps to one NpcBehaviourScenarioConfig asset.
enemy_behaviour_infected_L03_enemy_invasion,Assets/_Project/Content/Configs/Population/NpcBehaviourScenarios/Enemy/Infected,Enemy,Infected,3,EnemyInvasion,Enemy Infected L03 EnemyInvasion,Infected L03: враги атакуют нашу систему.,41,FutureEnumRequired,One AssetConfig row maps to one NpcBehaviourScenarioConfig asset.
enemy_behaviour_infected_L03_enemy_system_invasion,Assets/_Project/Content/Configs/Population/NpcBehaviourScenarios/Enemy/Infected,Enemy,Infected,3,EnemySystemInvasion,Enemy Infected L03 EnemySystemInvasion,Infected L03: мы атакуем систему врагов.,100,CurrentUnityCompatible,One AssetConfig row maps to one NpcBehaviourScenarioConfig asset.
enemy_behaviour_infected_L04_normal,Assets/_Project/Content/Configs/Population/NpcBehaviourScenarios/Enemy/Infected,Enemy,Infected,4,Normal,Enemy Infected L04 Normal,Infected L04: обычное состояние.,0,CurrentUnityCompatible,One AssetConfig row maps to one NpcBehaviourScenarioConfig asset.
enemy_behaviour_infected_L04_enemy_invasion,Assets/_Project/Content/Configs/Population/NpcBehaviourScenarios/Enemy/Infected,Enemy,Infected,4,EnemyInvasion,Enemy Infected L04 EnemyInvasion,Infected L04: враги атакуют нашу систему.,41,FutureEnumRequired,One AssetConfig row maps to one NpcBehaviourScenarioConfig asset.
enemy_behaviour_infected_L04_enemy_system_invasion,Assets/_Project/Content/Configs/Population/NpcBehaviourScenarios/Enemy/Infected,Enemy,Infected,4,EnemySystemInvasion,Enemy Infected L04 EnemySystemInvasion,Infected L04: мы атакуем систему врагов.,100,CurrentUnityCompatible,One AssetConfig row maps to one NpcBehaviourScenarioConfig asset.
enemy_behaviour_infected_L05_normal,Assets/_Project/Content/Configs/Population/NpcBehaviourScenarios/Enemy/Infected,Enemy,Infected,5,Normal,Enemy Infected L05 Normal,Infected L05: обычное состояние.,0,CurrentUnityCompatible,One AssetConfig row maps to one NpcBehaviourScenarioConfig asset.
enemy_behaviour_infected_L05_enemy_invasion,Assets/_Project/Content/Configs/Population/NpcBehaviourScenarios/Enemy/Infected,Enemy,Infected,5,EnemyInvasion,Enemy Infected L05 EnemyInvasion,Infected L05: враги атакуют нашу систему.,42,FutureEnumRequired,One AssetConfig row maps to one NpcBehaviourScenarioConfig asset.
enemy_behaviour_infected_L05_enemy_system_invasion,Assets/_Project/Content/Configs/Population/NpcBehaviourScenarios/Enemy/Infected,Enemy,Infected,5,EnemySystemInvasion,Enemy Infected L05 EnemySystemInvasion,Infected L05: мы атакуем систему врагов.,100,CurrentUnityCompatible,One AssetConfig row maps to one NpcBehaviourScenarioConfig asset.
enemy_behaviour_infected_L06_normal,Assets/_Project/Content/Configs/Population/NpcBehaviourScenarios/Enemy/Infected,Enemy,Infected,6,Normal,Enemy Infected L06 Normal,Infected L06: обычное состояние.,0,CurrentUnityCompatible,One AssetConfig row maps to one NpcBehaviourScenarioConfig asset.
enemy_behaviour_infected_L06_enemy_invasion,Assets/_Project/Content/Configs/Population/NpcBehaviourScenarios/Enemy/Infected,Enemy,Infected,6,EnemyInvasion,Enemy Infected L06 EnemyInvasion,Infected L06: враги атакуют нашу систему.,42,FutureEnumRequired,One AssetConfig row maps to one NpcBehaviourScenarioConfig asset.
enemy_behaviour_infected_L06_enemy_system_invasion,Assets/_Project/Content/Configs/Population/NpcBehaviourScenarios/Enemy/Infected,Enemy,Infected,6,EnemySystemInvasion,Enemy Infected L06 EnemySystemInvasion,Infected L06: мы атакуем систему врагов.,100,CurrentUnityCompatible,One AssetConfig row maps to one NpcBehaviourScenarioConfig asset.
enemy_behaviour_infected_L07_normal,Assets/_Project/Content/Configs/Population/NpcBehaviourScenarios/Enemy/Infected,Enemy,Infected,7,Normal,Enemy Infected L07 Normal,Infected L07: обычное состояние.,0,CurrentUnityCompatible,One AssetConfig row maps to one NpcBehaviourScenarioConfig asset.
enemy_behaviour_infected_L07_enemy_invasion,Assets/_Project/Content/Configs/Population/NpcBehaviourScenarios/Enemy/Infected,Enemy,Infected,7,EnemyInvasion,Enemy Infected L07 EnemyInvasion,Infected L07: враги атакуют нашу систему.,43,FutureEnumRequired,One AssetConfig row maps to one NpcBehaviourScenarioConfig asset.
enemy_behaviour_infected_L07_enemy_system_invasion,Assets/_Project/Content/Configs/Population/NpcBehaviourScenarios/Enemy/Infected,Enemy,Infected,7,EnemySystemInvasion,Enemy Infected L07 EnemySystemInvasion,Infected L07: мы атакуем систему врагов.,100,CurrentUnityCompatible,One AssetConfig row maps to one NpcBehaviourScenarioConfig asset.
enemy_behaviour_infected_L08_normal,Assets/_Project/Content/Configs/Population/NpcBehaviourScenarios/Enemy/Infected,Enemy,Infected,8,Normal,Enemy Infected L08 Normal,Infected L08: обычное состояние.,0,CurrentUnityCompatible,One AssetConfig row maps to one NpcBehaviourScenarioConfig asset.
enemy_behaviour_infected_L08_enemy_invasion,Assets/_Project/Content/Configs/Population/NpcBehaviourScenarios/Enemy/Infected,Enemy,Infected,8,EnemyInvasion,Enemy Infected L08 EnemyInvasion,Infected L08: враги атакуют нашу систему.,43,FutureEnumRequired,One AssetConfig row maps to one NpcBehaviourScenarioConfig asset.
enemy_behaviour_infected_L08_enemy_system_invasion,Assets/_Project/Content/Configs/Population/NpcBehaviourScenarios/Enemy/Infected,Enemy,Infected,8,EnemySystemInvasion,Enemy Infected L08 EnemySystemInvasion,Infected L08: мы атакуем систему врагов.,100,CurrentUnityCompatible,One AssetConfig row maps to one NpcBehaviourScenarioConfig asset.
enemy_behaviour_infected_L09_normal,Assets/_Project/Content/Configs/Population/NpcBehaviourScenarios/Enemy/Infected,Enemy,Infected,9,Normal,Enemy Infected L09 Normal,Infected L09: обычное состояние.,0,CurrentUnityCompatible,One AssetConfig row maps to one NpcBehaviourScenarioConfig asset.
enemy_behaviour_infected_L09_enemy_invasion,Assets/_Project/Content/Configs/Population/NpcBehaviourScenarios/Enemy/Infected,Enemy,Infected,9,EnemyInvasion,Enemy Infected L09 EnemyInvasion,Infected L09: враги атакуют нашу систему.,44,FutureEnumRequired,One AssetConfig row maps to one NpcBehaviourScenarioConfig asset.
enemy_behaviour_infected_L09_enemy_system_invasion,Assets/_Project/Content/Configs/Population/NpcBehaviourScenarios/Enemy/Infected,Enemy,Infected,9,EnemySystemInvasion,Enemy Infected L09 EnemySystemInvasion,Infected L09: мы атакуем систему врагов.,100,CurrentUnityCompatible,One AssetConfig row maps to one NpcBehaviourScenarioConfig asset.
enemy_behaviour_infected_L10_normal,Assets/_Project/Content/Configs/Population/NpcBehaviourScenarios/Enemy/Infected,Enemy,Infected,10,Normal,Enemy Infected L10 Normal,Infected L10: обычное состояние.,0,CurrentUnityCompatible,One AssetConfig row maps to one NpcBehaviourScenarioConfig asset.
enemy_behaviour_infected_L10_enemy_invasion,Assets/_Project/Content/Configs/Population/NpcBehaviourScenarios/Enemy/Infected,Enemy,Infected,10,EnemyInvasion,Enemy Infected L10 EnemyInvasion,Infected L10: враги атакуют нашу систему.,44,FutureEnumRequired,One AssetConfig row maps to one NpcBehaviourScenarioConfig asset.
enemy_behaviour_infected_L10_enemy_system_invasion,Assets/_Project/Content/Configs/Population/NpcBehaviourScenarios/Enemy/Infected,Enemy,Infected,10,EnemySystemInvasion,Enemy Infected L10 EnemySystemInvasion,Infected L10: мы атакуем систему врагов.,100,CurrentUnityCompatible,One AssetConfig row maps to one NpcBehaviourScenarioConfig asset.
